City,Latitude,Longitude,Max Temperature,Humidity,Cloud Coverage,Wind Speed,Country,Date
Kapaa,22.0752,-159.319,84.11,70,89,5.99,US,1665435244
São João da Barra,-21.6403,-41.0511,80.69,84,9,7.4,BR,1665435244
Dingle,10.9995,122.6711,74.57,91,50,1.1,PH,1665435245
Punta Arenas,-53.15,-70.9167,53.71,43,40,32.21,CL,1665435200
Constantine,36.365,6.6147,63.81,82,40,9.22,DZ,1665435081
Grindavik,63.8424,-22.4338,37.87,65,100,9.22,IS,1665435245
Matara,5.9485,80.5353,76.64,89,100,6.87,LK,1665435245
Aripuanã,-9.1667,-60.6333,87.84,47,78,0.4,BR,1665435245
Ilulissat,69.2167,-51.1,26.46,92,100,6.64,GL,1665435245
Lüderitz,-26.6481,15.1594,60.31,87,43,1.23,NA,1665435013
Torbay,47.6666,-52.7314,51.39,60,20,20.71,CA,1665435229
Puerto Ayora,-0.7393,-90.3518,76.96,87,65,7.0,EC,1665435245
Cockburn Town,21.4612,-71.1419,84.16,70,40,12.66,TC,1665435245
Greenwood,34.1668,-82.1165,73.8,62,100,4.61,US,1665435246
Tigil',57.8,158.6667,32.77,92,92,13.96,RU,1665435246
Busselton,-33.65,115.3333,53.01,66,98,10.54,AU,1665435246
Mucurapo,10.6667,-61.5333,82.96,92,98,8.57,TT,1665435246
Thornhill,55.2333,-3.7667,44.19,91,99,3.83,GB,1665435246
Qaanaaq,77.484,-69.3632,8.17,58,23,7.23,GL,1665435246
Mataura,-46.1927,168.8643,44.89,96,99,6.24,NZ,1665435246
Albany,42.6001,-73.9662,58.68,83,67,5.91,US,1665435247
Nikolskoye,59.7035,30.7861,44.8,86,64,6.49,RU,1665435247
Abéché,13.8292,20.8324,85.44,34,8,3.44,TD,1665435247
Thompson,55.7435,-97.8558,69.96,37,20,13.8,CA,1665435247
Bethel,41.3712,-73.414,65.8,61,74,1.01,US,1665435247
Kavieng,-2.5744,150.7967,81.46,71,11,8.41,PG,1665435247
Bengkulu,-3.8004,102.2655,76.28,85,100,3.42,ID,1665435247
Bluff,-46.6,168.3333,49.48,61,68,18.81,NZ,1665435212
Mount Gambier,-37.8333,140.7667,55.17,59,95,12.39,AU,1665435248
Aitape,-3.1374,142.3475,78.21,86,91,4.34,PG,1665435248
Rikitea,-23.1203,-134.9692,72.19,73,2,9.57,PF,1665435248
Saint-Philippe,-21.3585,55.7679,71.19,81,22,8.97,RE,1665435248
Ribeira Grande,38.5167,-28.7,72.0,88,20,3.44,PT,1665435248
Shingū,33.7333,135.9833,57.61,70,93,6.87,JP,1665435248
Grand Gaube,-20.0064,57.6608,72.0,73,14,4.0,MU,1665435248
Hasaki,35.7333,140.8333,74.21,66,98,27.2,JP,1665434984
Airai,-8.9266,125.4092,60.87,82,100,2.1,TL,1665435248
Preobrazheniye,42.9019,133.9064,47.07,86,29,12.03,RU,1665435249
Hobart,-42.8794,147.3294,49.05,92,40,8.05,AU,1665435249
Mérida,20.9667,-89.6167,78.71,89,100,8.43,MX,1665435003
Pathein,16.7833,94.7333,75.15,92,100,1.81,MM,1665435249
Ushuaia,-54.8,-68.3,47.86,61,75,19.57,AR,1665434980
Castro,-24.7911,-50.0119,57.4,97,100,9.06,BR,1665435249
Cabatuan,10.8794,122.486,74.62,89,56,0.85,PH,1665435249
Hilo,19.7297,-155.09,88.29,72,40,8.01,US,1665435024
Luganville,-15.5333,167.1667,79.99,79,100,6.98,VU,1665435249
Souillac,-20.5167,57.5167,71.98,78,40,6.91,MU,1665435249
Seminole,28.7086,-81.2081,87.39,73,78,1.99,US,1665435249
Taksimo,56.3444,114.8794,31.17,83,93,1.12,RU,1665435249
Dikson,73.5069,80.5464,34.29,99,100,7.74,RU,1665435250
Mirador,-6.3708,-44.3631,89.98,28,91,3.69,BR,1665435250
Vaini,-21.2,-175.2,75.36,83,40,19.57,TO,1665435250
Port Elizabeth,-33.918,25.5701,70.11,91,0,12.66,ZA,1665435250
Mar del Plata,-38.0023,-57.5575,53.94,75,0,18.99,AR,1665435019
Yellowknife,62.456,-114.3525,54.12,58,75,13.8,CA,1665435250
Guiyang,26.5833,106.7167,52.29,87,75,4.47,CN,1665435250
Gweta,-20.1833,25.2333,73.02,16,2,8.46,BW,1665435251
Saskylakh,71.9167,114.0833,9.68,94,45,9.22,RU,1665435251
Alto Araguaia,-17.3147,-53.2153,69.91,81,98,8.34,BR,1665435251
Haldībāri,26.3333,88.7667,73.4,97,46,2.64,IN,1665435251
Saldanha,-33.0117,17.9442,68.05,78,100,10.94,ZA,1665435010
Port Hedland,-20.3167,118.5667,71.65,78,4,10.36,AU,1665435251
Kalmunai,7.4167,81.8167,77.9,84,95,3.4,LK,1665435251
Asău,46.4333,26.4,38.32,69,57,2.42,RO,1665435251
Alamor,-4.0181,-80.0197,73.56,53,90,6.08,EC,1665435251
Chipinge,-20.1883,32.6236,61.63,71,0,4.94,ZW,1665435252
Chui,-33.6971,-53.4616,54.23,62,6,8.12,UY,1665435252
Shenzhen,22.5455,114.0683,73.22,49,4,8.08,CN,1665435252
Caravelas,-17.7125,-39.2481,75.83,80,55,7.83,BR,1665435252
Lorengau,-2.0226,147.2712,80.56,67,78,6.13,PG,1665435252
Hong Kong,22.2855,114.1577,73.33,45,3,15.01,HK,1665435097
Constitución,-35.3333,-72.4167,57.81,63,0,13.6,CL,1665435252
Anito,12.4497,125.2886,76.75,92,81,4.65,PH,1665435253
Atuona,-9.8,-139.0333,76.51,69,12,13.06,PF,1665435253
Bambanglipuro,-7.95,110.2833,76.15,90,100,3.87,ID,1665435253
Alice Springs,-23.7,133.8833,69.35,17,90,12.66,AU,1665435253
Guanambi,-14.2233,-42.7814,86.56,27,29,13.65,BR,1665435253
Bredasdorp,-34.5322,20.0403,63.97,66,96,3.44,ZA,1665435253
Kon Tum,14.35,108.0,68.32,98,100,3.11,VN,1665435253
Roald,62.5833,6.1333,50.76,66,75,23.02,NO,1665435253
Muslyumovo,55.3033,53.1947,50.25,65,100,2.93,RU,1665435253
Bonavista,48.6499,-53.1147,52.21,54,87,12.48,CA,1665435254
Ilhabela,-23.7781,-45.3581,68.65,94,100,5.06,BR,1665435254
Mwinilunga,-11.7358,24.4293,65.55,27,6,4.65,ZM,1665435254
Nong’an,44.382,125.1685,34.36,70,0,7.34,CN,1665435254
Tutóia,-2.7619,-42.2744,80.19,77,71,13.91,BR,1665435254
Jamestown,42.097,-79.2353,62.06,46,0,11.5,US,1665435254
Pisco,-13.7,-76.2167,68.05,60,0,17.27,PE,1665435255
Cidreira,-30.1811,-50.2056,57.56,86,100,17.22,BR,1665435255
Gbarnga,6.9956,-9.4722,73.08,96,84,3.51,LR,1665435255
Keelung,25.1283,121.7419,70.95,68,100,15.5,TW,1665435255
San Policarpo,12.1791,125.5072,77.45,89,86,5.41,PH,1665435255
Chokurdakh,70.6333,147.9167,19.62,84,100,17.65,RU,1665435255
Poya,-21.35,165.15,75.88,69,100,5.7,NC,1665435255
Linköping,58.4109,15.6216,49.98,85,0,9.22,SE,1665435255
Hambantota,6.1241,81.1185,78.39,84,100,13.04,LK,1665435093
Khromtau,50.2503,58.4347,46.42,42,15,8.3,KZ,1665435256
Narsaq,60.9167,-46.05,34.75,99,100,5.99,GL,1665435256
Maracaibo,10.6317,-71.6406,84.58,71,90,0.76,VE,1665435166
Luwuk,-0.9516,122.7875,76.89,87,100,2.57,ID,1665435256
New Norfolk,-42.7826,147.0587,48.7,82,13,1.72,AU,1665435256
Cimahi,-6.8722,107.5425,68.36,91,100,2.55,ID,1665435256
Jumla,29.2747,82.1838,49.8,87,8,5.26,NP,1665435256
Tiksi,71.6872,128.8694,12.54,85,99,13.96,RU,1665435256
Sakakah,29.9697,40.2064,80.17,30,0,10.83,SA,1665435257
San Vicente,-26.6167,-54.1333,56.66,100,100,0.83,AR,1665435257
General Roca,-39.0333,-67.5833,74.03,10,36,4.32,AR,1665434960
Amahai,-3.3333,128.9167,76.98,87,100,3.76,ID,1665435257
Eucaliptus,-17.5833,-67.5167,64.92,2,1,27.96,BO,1665435257
Tuktoyaktuk,69.4541,-133.0374,30.2,86,100,20.71,CA,1665435257
Benguela,-12.5763,13.4055,73.0,81,35,4.81,AO,1665435257
Cabo San Lucas,22.8909,-109.9124,94.6,56,0,7.85,MX,1665435257
Teregova,45.15,22.2833,51.17,81,100,5.95,RO,1665435257
Avarua,-21.2078,-159.775,77.05,73,20,26.46,CK,1665435257
Arrondissement de Niort,46.3333,-0.3333,63.18,88,100,8.52,FR,1665435257
Durban,-29.8579,31.0292,71.02,91,66,1.99,ZA,1665435148
Ngunguru,-35.6167,174.5,61.77,66,100,3.22,NZ,1665435258
Mount Isa,-20.7333,139.5,55.17,58,2,0.0,AU,1665435258
Monterey,36.2505,-121.2516,89.19,16,4,6.87,US,1665435258
Oddur,4.1213,43.8894,71.87,78,64,16.42,SO,1665435258
Yueyang,29.3333,113.0919,52.27,45,86,4.5,CN,1665435258
Mahébourg,-20.4081,57.7,71.89,78,40,6.91,MU,1665435014
Puerto Madero,14.7208,-92.4215,75.63,91,100,3.56,MX,1665435258
Hofn,64.2539,-15.2082,33.44,60,35,10.49,IS,1665435258
Esperance,-33.8667,121.9,54.43,72,99,19.71,AU,1665435258
Fortuna,40.5982,-124.1573,58.12,94,100,10.36,US,1665435259
San Patricio,28.017,-97.5169,87.89,47,89,14.88,US,1665435259
Birao,10.2849,22.7882,72.3,84,22,4.16,CF,1665435259
San Quintín,30.4833,-115.95,72.18,74,6,13.96,MX,1665435259
Zhangye,38.9342,100.4517,45.1,19,21,2.39,CN,1665435259
Serov,59.6033,60.5787,40.8,85,63,7.23,RU,1665435259
Khatanga,71.9667,102.5,5.23,97,70,2.24,RU,1665434974
Hermanus,-34.4187,19.2345,69.8,54,100,4.21,ZA,1665435259
Sørland,67.667,12.6934,49.86,82,71,33.15,NO,1665435260
Kendari,-3.945,122.4989,73.9,95,40,4.43,ID,1665435260
Pskov,57.8136,28.3496,39.11,93,77,4.47,RU,1665435168
Te Anau,-45.4167,167.7167,50.23,82,84,3.31,NZ,1665435260
Marrakesh,31.6315,-8.0083,73.47,60,40,4.61,MA,1665434976
Ulety,51.3572,112.4849,34.48,49,100,2.28,RU,1665435260
Dutlwe,-23.9833,23.9,72.5,16,9,9.91,BW,1665435260
East London,-33.0153,27.9116,68.27,85,100,17.56,ZA,1665435099
Mukhen,48.1,136.1,45.05,94,100,10.65,RU,1665435260
Atar,20.5169,-13.0499,94.6,21,70,5.82,MR,1665435261
Gayéri,12.6497,0.4931,84.52,55,15,9.51,BF,1665435261
Gualaquiza,-3.4,-78.55,75.4,63,80,2.77,EC,1665435261
Katsuura,35.1333,140.3,70.65,66,95,25.79,JP,1665435261
Murashi,59.3999,48.9615,36.5,92,1,4.32,RU,1665435261
Nome,64.5011,-165.4064,30.27,80,100,3.44,US,1665435261
Monrovia,6.3005,-10.7969,76.77,85,62,7.47,LR,1665435261
Jiazi,22.8779,116.067,69.19,57,74,15.08,CN,1665435261
Barrow,71.2906,-156.7887,23.02,86,0,14.97,US,1665435262
George Town,5.4112,100.3354,81.23,87,20,2.3,MY,1665435094
Port Alfred,-33.5906,26.891,67.17,86,99,1.01,ZA,1665435262
Cape Town,-33.9258,18.4232,72.12,63,0,3.0,ZA,1665435172
Adrar,20.5022,-10.0711,92.23,20,25,10.6,MR,1665435262
Sitka,57.0531,-135.33,50.27,72,100,5.59,US,1665435262
Assiut,27.181,31.1837,74.57,46,0,10.13,EG,1665435262
Hinesburg,44.3292,-73.1107,55.98,62,22,4.94,US,1665435262
Waipawa,-41.4122,175.5153,54.66,80,100,17.38,NZ,1665435262
Kununurra,-15.7667,128.7333,75.18,78,9,1.14,AU,1665435263
San Cristobal,7.7669,-72.225,80.78,59,100,5.86,VE,1665435263
Lagoa,39.05,-27.9833,70.05,87,81,6.71,PT,1665435263
Amga,60.8953,131.9608,29.43,99,100,2.42,RU,1665435263
Nantucket,41.2835,-70.0995,62.71,72,62,14.45,US,1665435263
Prince George,53.9166,-122.753,60.24,34,20,20.71,CA,1665435263
Marawi,7.9986,124.2928,68.7,97,100,2.44,PH,1665435263
Disraeli,45.9001,-71.3491,48.22,54,78,1.99,CA,1665435263
Yangi Marg`ilon,40.4272,71.7189,52.52,54,0,4.61,UZ,1665435264
Howard Springs,-12.497,131.047,80.51,98,57,1.25,AU,1665435264
Calvinia,-31.4707,19.776,72.73,27,96,1.52,ZA,1665435264
Rzhev,56.2624,34.3282,39.38,87,0,1.92,RU,1665435264
Riwaka,-41.0833,173.0,59.04,83,97,3.0,NZ,1665435264
Mabaruma,8.2,-59.7833,82.15,73,47,6.04,GY,1665435264
Huntsville,34.7304,-86.5861,77.92,29,0,1.01,US,1665435264
Rome,43.2128,-75.4557,58.82,61,20,10.36,US,1665435042
Pokaran,26.9167,71.9167,81.46,53,0,5.93,IN,1665435265
La Orilla,17.9833,-102.2333,86.23,66,100,10.38,MX,1665435265
North Bend,43.4065,-124.2243,65.16,88,40,11.5,US,1665435265
Bobcaygeon,44.5462,-78.542,55.89,42,64,6.38,CA,1665435265
Warangal,18.0,79.5833,73.06,98,100,5.03,IN,1665435265
Moose Factory,51.2585,-80.6094,55.4,33,40,18.41,CA,1665435265
Shenjiamen,29.9576,122.298,59.41,60,88,14.52,CN,1665435125
Athabasca,54.7169,-113.2854,59.41,32,100,16.78,CA,1665435265
Yumen,40.2833,97.2,42.15,18,34,1.95,CN,1665435266
Saint Anthony,45.0205,-93.218,72.48,37,0,11.5,US,1665435266
Bambous Virieux,-20.3428,57.7575,71.85,78,40,6.91,MU,1665435266
Griffith,41.5284,-87.4237,78.26,35,40,6.91,US,1665435266
Zyryanka,65.75,150.85,11.52,98,99,4.18,RU,1665435266
Severo-Kuril'sk,50.6789,156.125,46.53,84,100,12.5,RU,1665435267
Guaymas,27.9333,-110.9,91.45,42,0,11.03,MX,1665435267
Chillicothe,39.3331,-82.9824,72.0,30,0,8.05,US,1665435267
Muros,42.7762,-9.0603,62.17,95,98,6.04,ES,1665435267
Belmonte,-15.8631,-38.8828,76.6,79,6,10.38,BR,1665435267
Tessalit,20.1986,1.0114,88.34,15,76,11.56,ML,1665435267
Belaya Gora,68.5333,146.4167,16.07,89,72,7.85,RU,1665435267
Flinders,-34.5833,150.8552,56.17,89,93,3.0,AU,1665435267
Lékoni,-1.5843,14.2591,75.31,80,100,2.26,GA,1665435267
Cherskiy,68.75,161.3,17.17,95,100,12.35,RU,1665435268
Galesong,-5.3166,119.3661,75.22,82,97,3.24,ID,1665435268
Rørvik,64.8621,11.2373,48.31,76,75,24.16,NO,1665435268
Urubichá,-15.3833,-62.95,85.69,49,96,2.42,BO,1665435268
Faya,18.3851,42.4509,64.92,31,8,7.34,SA,1665435268
Middelfart,55.5059,9.7305,46.78,83,2,15.95,DK,1665435268
Semey,50.4111,80.2275,43.7,60,18,6.8,KZ,1665435269
Manta,-0.95,-80.7333,74.98,78,40,14.97,EC,1665435269
Rauma,61.1272,21.5113,50.04,84,98,22.03,FI,1665435269
Gladstone,-23.85,151.25,66.13,72,100,9.22,AU,1665435269
Hirara,24.8,125.2833,76.05,65,100,29.68,JP,1665435269
Mudgee,-32.5943,149.5871,53.65,76,100,6.91,AU,1665435269
Narauli,28.5,78.7167,68.38,97,36,5.57,IN,1665435269
Touros,-5.1989,-35.4608,78.21,79,7,16.13,BR,1665435269
Norman Wells,65.282,-126.8329,32.04,100,100,28.77,CA,1665435269
Agadez,19.75,10.25,80.87,19,2,8.97,NE,1665435270
Trincomalee,8.5711,81.2335,77.36,87,47,8.08,LK,1665435270
Hamilton,39.1834,-84.5333,75.6,37,0,1.99,US,1665435270
Río Gallegos,-51.6226,-69.2181,60.85,18,20,23.02,AR,1665435013
Serebryansk,49.6925,83.2892,36.14,93,11,3.42,KZ,1665435270
Ankazobe,-18.3167,47.1167,57.22,53,0,3.02,MG,1665435270
Leningradskiy,69.3833,178.4167,21.33,70,100,21.23,RU,1665435270
Lavrentiya,65.5833,-171.0,26.69,60,2,7.94,RU,1665435270
Churapcha,62.0025,132.4325,26.37,97,100,5.12,RU,1665435271
Butaritari,3.0707,172.7902,82.0,73,95,13.27,KI,1665435271
Payyanur,12.1,75.2,76.46,88,100,3.15,IN,1665435271
Markova,48.6758,24.4138,42.46,67,5,4.07,UA,1665435271
Huarmey,-10.0681,-78.1522,67.03,75,19,11.74,PE,1665435271
Sūsangerd,31.5608,48.1831,86.83,16,0,6.11,IR,1665435271
Karak,31.1667,35.75,62.31,46,0,4.05,JO,1665435271
Kearney,40.6995,-99.0815,78.33,28,0,16.11,US,1665435271
Padang,-0.9492,100.3543,76.91,82,99,2.75,ID,1665435271
Chapais,49.7834,-74.8492,38.98,86,100,10.0,CA,1665435271
Vieux-Habitants,16.0589,-61.7659,83.77,71,100,11.72,GP,1665435272
Omboué,-1.5746,9.2618,77.18,89,100,5.17,GA,1665435272
Tevriz,57.509,72.4042,48.54,79,100,10.27,RU,1665435272
Saint Paul Harbor,57.79,-152.4072,50.49,77,96,12.26,US,1665435272
Honiara,-9.4333,159.95,81.57,76,8,2.04,SB,1665435039
Ostrovnoy,68.0531,39.5131,39.54,92,80,11.25,RU,1665435272
Vestmannaeyjar,63.4427,-20.2734,38.82,58,96,3.09,IS,1665435272
Yenagoa,4.9247,6.2642,76.19,92,100,3.58,NG,1665435272
Singaparna,-7.3515,108.111,69.98,98,100,1.41,ID,1665435272
Nanguneri,8.4933,77.6581,78.04,82,45,4.23,IN,1665435273
Huntington Station,40.8534,-73.4115,68.45,50,21,3.0,US,1665435273
La Ronge,55.1001,-105.2842,73.65,23,40,12.66,CA,1665435273
Bay Roberts,47.5999,-53.2648,52.14,65,6,5.99,CA,1665435273
Dauphin,51.1494,-100.0502,71.74,33,0,13.8,CA,1665435273
Bhadohi,25.4167,82.5667,73.63,91,100,2.21,IN,1665435041
Hūn,29.1268,15.9477,75.99,28,7,7.99,LY,1665435273
Xaçmaz,41.4635,48.806,65.28,64,38,3.74,AZ,1665435273
Mossamedes,-15.1961,12.1522,67.8,86,42,9.73,AO,1665435273
Vryburg,-26.9566,24.7284,72.54,23,83,8.55,ZA,1665435145
Butembo,0.15,29.2833,57.81,98,88,0.94,CD,1665435273
Zonguldak,41.25,31.8333,49.46,96,72,2.59,TR,1665435274
Guerrero Negro,27.9769,-114.0611,75.69,67,16,14.16,MX,1665435274
Lokosovo,61.1333,74.8167,44.33,93,100,9.82,RU,1665435274
Provideniya,64.3833,-173.3,30.36,80,20,7.0,RU,1665435274
Tautira,-17.7333,-149.15,76.14,78,27,13.27,PF,1665435274
Meitingen,48.55,10.85,52.63,97,97,3.44,DE,1665435274
Clyde River,70.4692,-68.5914,19.63,79,40,16.11,CA,1665435274
Naze,28.3667,129.4833,68.92,60,100,15.88,JP,1665435274
Boa Vista,2.8197,-60.6733,80.58,74,75,3.44,BR,1665435274
Gamba,-2.65,10.0,76.57,88,89,4.92,GA,1665435274
Saint George,37.1041,-113.5841,85.42,24,0,3.44,US,1665435275
Vila,42.0304,-8.1588,53.71,92,6,3.2,PT,1665435275
Seoul,37.5683,126.9778,49.44,76,40,8.05,KR,1665435005
Carnarvon,-24.8667,113.6333,63.93,62,96,20.58,AU,1665435275
Chenghai,23.4632,116.768,64.31,59,40,4.47,CN,1665435275
Sittwe,20.15,92.9,79.81,85,100,5.1,MM,1665435275
Contai,21.7786,87.7536,79.29,86,38,8.28,IN,1665435275
Kieta,-6.2167,155.6333,81.28,73,17,2.35,PG,1665435275
Talnakh,69.4865,88.3972,36.21,99,100,6.8,RU,1665435275
Codrington,-38.2667,141.9667,51.57,74,98,11.32,AU,1665435275
Samarai,-10.6167,150.6667,81.45,77,37,10.33,PG,1665435276
Talara,-4.5772,-81.2719,72.36,64,0,16.11,PE,1665435276
Tingi,-11.3,35.0333,65.26,42,26,6.58,TZ,1665435276
São Filipe,14.8961,-24.4956,78.8,76,52,7.65,CV,1665435276
Kuznetsk,53.1167,46.6004,48.34,92,100,8.52,RU,1665435276
Niquelândia,-14.4739,-48.4597,90.05,15,44,4.97,BR,1665435276
Manado,1.487,124.8455,75.97,94,40,3.44,ID,1665435276
Namatanai,-3.6667,152.4333,79.68,65,6,3.96,PG,1665435277
Gbongan,7.4667,4.35,71.62,97,95,1.9,NG,1665435277
Ponta do Sol,32.6667,-17.1,74.01,76,58,6.87,PT,1665435277
Kainan,34.15,135.2,66.24,59,82,16.71,JP,1665435277
Richards Bay,-28.783,32.0377,70.25,93,100,7.92,ZA,1665435229
Lufilufi,-13.8745,-171.5986,83.98,72,19,15.39,WS,1665435277
Morón,-34.6534,-58.6198,68.95,48,95,9.75,AR,1665435277
Vostok,46.4856,135.8833,42.71,95,100,2.8,RU,1665435277
Kyrnasivka,48.5955,28.979,43.9,73,0,5.06,UA,1665435278
Safi,32.2994,-9.2372,67.68,84,100,6.29,MA,1665435278
Wau,7.7029,27.9953,70.05,94,84,1.3,SS,1665435278
Puerto Ayacucho,5.6639,-67.6236,85.73,72,91,2.1,VE,1665435278
Mogadishu,2.0371,45.3438,77.09,82,6,16.51,SO,1665435278
Hare Bay,48.8499,-54.0148,51.19,51,52,5.64,CA,1665435278
Santana do Livramento,-30.8908,-55.5328,59.34,65,90,10.85,BR,1665435278
Vardø,70.3705,31.1107,40.98,87,0,6.91,NO,1665435278
Zabul Province,32.25,67.25,52.39,12,0,7.49,AF,1665435279
Santiago,-33.4569,-70.6483,72.28,39,0,16.11,CL,1665435129
Vigía del Fuerte,6.5789,-76.8863,77.5,95,100,1.21,CO,1665435279
Nelson Bay,-32.7167,152.15,63.0,76,100,11.99,AU,1665435279
Andenes,69.3143,16.1194,48.18,87,75,11.5,NO,1665435279
Faanui,-16.4833,-151.75,78.03,75,31,18.59,PF,1665435279
Şabrātah,32.7933,12.4885,80.85,41,90,8.23,LY,1665435279
Palora,-1.7,-77.9333,80.71,77,90,1.01,EC,1665435279
Hithadhoo,-0.6,73.0833,80.78,78,97,17.09,MV,1665435280
Matadi,-5.8167,13.45,79.9,73,3,5.66,CD,1665435280
Pevek,69.7008,170.3133,25.45,82,100,26.22,RU,1665435280
Abhā,18.2164,42.5053,64.65,20,0,5.75,SA,1665435000
Ulaanbaatar,47.9077,106.8832,17.73,79,0,2.24,MN,1665435175
Vanimo,-2.6741,141.3028,77.4,90,100,5.17,PG,1665435280
Yinchuan,38.4681,106.2731,46.83,18,0,4.81,CN,1665435280
Wanxian,30.8039,108.3897,58.35,77,4,1.66,CN,1665435280
Bonthe,7.5264,-12.505,77.58,90,14,6.49,SL,1665435281
Kaitangata,-46.2817,169.8464,47.28,87,98,11.34,NZ,1665435281
Upernavik,72.7868,-56.1549,14.74,69,89,4.56,GL,1665435281
Aykhal,66.0,111.5,17.22,100,90,7.16,RU,1665435281
Palana,59.1167,159.9667,35.92,74,100,26.26,RU,1665435281
Colares,38.7992,-9.4469,67.33,97,75,17.0,PT,1665435281
Sakaiminato,35.55,133.2333,60.78,63,75,17.27,JP,1665435281
Sun Prairie,43.1836,-89.2137,69.71,48,20,0.0,US,1665435130
Mokolo,10.7398,13.8019,74.35,69,38,4.34,CM,1665435282
Arraial do Cabo,-22.9661,-42.0278,75.06,83,40,4.61,BR,1665435282
La Palma,33.8464,-118.0467,88.5,66,0,7.0,US,1665435282
West Monroe,32.5185,-92.1476,85.01,31,1,5.93,US,1665435282
Henties Bay,-22.116,14.2845,60.48,90,84,0.49,NA,1665435282
Lata,40.1629,-8.3327,63.91,95,50,1.81,PT,1665435282
Nizwá,22.9333,57.5333,75.92,22,14,3.13,OM,1665435282
La Plata,-34.9215,-57.9545,64.02,48,99,12.8,AR,1665435026
Houma,29.5958,-90.7195,81.0,43,0,10.36,US,1665435243
Aswān,24.0934,32.907,79.57,29,0,14.14,EG,1665435059
Saint-Pierre,-21.3393,55.4781,71.28,73,100,3.44,RE,1665435283
Deputatsky,69.3,139.9,2.66,96,62,6.87,RU,1665435283
Lindsay,36.203,-119.0882,96.01,35,0,5.75,US,1665435283
Rundu,-17.9333,19.7667,70.43,18,2,5.41,NA,1665435283
Northam,51.0333,-4.2167,53.62,69,54,7.9,GB,1665435283
Grootfontein,-19.5667,18.1167,71.17,15,3,4.61,NA,1665435283
Nuevitas,21.5453,-77.2644,83.1,77,59,11.1,CU,1665435284
Laas,46.6166,10.7002,56.28,88,84,3.2,IT,1665435284
Merauke,-8.4667,140.3333,78.55,87,100,7.94,ID,1665435284
Mahabalipuram,12.6264,80.1722,84.25,83,78,11.36,IN,1665435284
Prince Rupert,54.3161,-130.3201,53.69,76,75,14.97,CA,1665435284
Araouane,18.9048,-3.5265,94.8,13,14,4.76,ML,1665435284
Singkawang,0.9,109.0,75.56,92,100,2.66,ID,1665435284
Takoradze,4.8845,-1.7554,77.13,87,55,7.67,GH,1665435284
Aklavik,68.2191,-135.0107,32.47,85,100,16.51,CA,1665435285
Evensk,61.95,159.2333,24.03,76,100,5.28,RU,1665435285
Taoudenni,22.6783,-3.9836,93.74,18,33,8.86,ML,1665435285
Garoowe,8.4054,48.4845,76.8,70,21,17.22,SO,1665435285
Kutoarjo,-7.7169,109.9128,75.69,93,99,1.9,ID,1665435285
Auki,-8.7676,160.7034,80.04,78,7,2.42,SB,1665435285
Amzya,56.2354,54.3868,49.24,86,100,1.59,RU,1665435285
Kahului,20.8947,-156.47,87.82,70,40,9.22,US,1665435150
Alyangula,-13.8483,136.4192,76.87,94,100,3.44,AU,1665435285
Progreso,21.2833,-89.6667,82.56,74,100,12.1,MX,1665435286
Pangai,-19.8,-174.35,77.11,78,75,9.22,TO,1665435286
Iqaluit,63.7506,-68.5145,28.13,80,75,13.8,CA,1665435286
College,64.8569,-147.8028,33.21,88,40,0.0,US,1665435218
Shiojiri,36.1,137.9667,53.33,73,67,5.28,JP,1665435286
Altay,47.8667,88.1167,35.17,71,1,4.09,CN,1665435286
Coquimbo,-29.9533,-71.3436,58.73,72,20,12.66,CL,1665435286
Praia,14.9215,-23.5087,81.14,69,40,16.11,CV,1665435286
Dawei,14.0833,98.2,74.86,94,100,2.26,MM,1665435286
Methóni,36.8197,21.7049,71.22,71,94,1.59,GR,1665435132
Ternate,0.8,127.4,79.77,79,96,2.82,ID,1665435287
Hervey Bay,-25.2986,152.8535,67.01,76,84,10.0,AU,1665435287
Ancud,-41.8697,-73.8203,50.4,65,9,7.83,CL,1665435287
Arrondissement de Libourne,44.9167,-0.25,63.1,84,100,2.24,FR,1665435287
Port Blair,11.6667,92.75,77.99,84,100,2.68,IN,1665435287
Moroni,-11.7022,43.2551,73.65,76,0,3.78,KM,1665435034
Ponta Delgada,37.7333,-25.6667,75.51,83,75,6.91,PT,1665435288
Comodoro Rivadavia,-45.8667,-67.5,69.66,19,0,21.85,AR,1665434992
Rawson,-43.3002,-65.1023,70.93,21,6,10.49,AR,1665435288
Mizdah,31.4451,12.9801,73.4,36,13,10.4,LY,1665435288
Manggar,-2.8833,108.2667,75.42,93,100,3.22,ID,1665435288
Vila Franca do Campo,37.7167,-25.4333,75.2,92,29,4.05,PT,1665435288
Danjiangkou,32.5428,111.5086,51.06,56,10,0.83,CN,1665435288
Venado Tuerto,-33.7456,-61.9688,69.76,15,72,10.87,AR,1665435045
Portland,45.5234,-122.6762,79.81,53,97,4.0,US,1665435288
Homer,59.6425,-151.5483,43.81,70,100,17.0,US,1665435288
Donauwörth,48.7,10.8,51.01,93,98,3.49,DE,1665435048
Lishan,31.8576,113.2951,50.67,46,35,1.43,CN,1665435289
Krasnosel'kup,65.7,82.4667,39.9,98,100,9.33,RU,1665435289
Klaksvík,62.2266,-6.589,41.92,75,100,28.19,FO,1665435289
Koslan,63.4564,48.8989,40.23,89,70,9.35,RU,1665435289
Beringovskiy,63.05,179.3167,32.09,61,31,10.22,RU,1665435093
Kruisfontein,-34.0033,24.7314,67.89,77,99,5.26,ZA,1665435289
Gonzalez,30.5816,-87.2914,83.55,30,0,8.01,US,1665435289
Havøysund,70.9963,24.6622,46.63,79,100,13.56,NO,1665435289
Bukama,-9.2,25.85,76.37,24,32,1.32,CD,1665435289
Yaan,7.3833,8.5667,75.33,87,43,4.68,NG,1665435290
Astoria,46.1879,-123.8313,62.47,95,100,8.05,US,1665435290
Hinton,53.4001,-117.5857,59.97,44,93,13.78,CA,1665435290
Mehamn,71.0357,27.8492,40.95,75,0,4.61,NO,1665435290
Bud,39.447,-86.1758,76.75,40,2,9.01,US,1665435290
Zhangaözen,43.3,52.8,63.25,24,98,15.68,KZ,1665435290
Shīeli,44.1667,66.75,54.48,31,0,15.99,KZ,1665435290
Sabha,27.0377,14.4283,75.24,27,40,7.47,LY,1665435290
Vila Velha,-20.3297,-40.2925,78.75,83,75,17.27,BR,1665435290
Krasnoshchekovo,51.6708,82.7289,40.14,90,23,7.14,RU,1665435291
Geraldton,-28.7667,114.6,46.81,87,97,2.3,AU,1665435291
Srednekolymsk,67.45,153.6833,16.32,95,73,9.33,RU,1665435292
Muisne,0.6,-80.0333,75.72,80,97,9.48,EC,1665435292
Caohai,26.8661,104.2841,43.66,96,100,2.19,CN,1665435293
Port-Gentil,-0.7193,8.7815,78.76,89,75,6.91,GA,1665435293
Chibuto,-24.6867,33.5306,69.84,90,0,3.76,MZ,1665435293
Tual,-5.6667,132.75,82.99,76,99,13.38,ID,1665435294
Øksfjord,70.2396,22.3479,48.38,86,100,9.53,NO,1665435294
Inuvik,68.3499,-133.7218,32.76,86,100,16.11,CA,1665435280
Aginskoye,51.1,114.53,37.51,44,100,2.95,RU,1665435294
Pacific Grove,36.6177,-121.9166,75.38,95,60,3.0,US,1665435294
Salym,60.0625,71.4789,45.64,85,100,8.34,RU,1665435294
Strezhevoy,60.7333,77.5889,45.73,92,100,9.4,RU,1665435151
Isangel,-19.55,169.2667,75.31,73,100,6.91,VU,1665435294
Manaus,-3.1019,-60.025,84.7,70,75,11.5,BR,1665435093
Thoen,17.6129,99.2161,71.85,99,94,1.5,TH,1665435295
Zaraza,9.3503,-65.3245,82.96,73,100,2.59,VE,1665435295
Babu,24.4167,111.5167,54.54,33,13,4.0,CN,1665435295
Maceió,-9.6658,-35.7353,80.04,73,0,12.66,BR,1665435295
Emerald,-23.5333,148.1667,65.34,76,91,13.31,AU,1665435295
Isla Mujeres,21.2311,-86.731,82.45,72,100,8.81,MX,1665435295
Umeå,63.8284,20.2597,49.93,87,20,11.5,SE,1665435053
Coahuayana Viejo,18.7333,-103.6833,92.62,49,73,5.44,MX,1665435295
Xam Nua,20.4197,104.0439,58.48,97,98,1.88,LA,1665435295
Dillon,34.4166,-79.3712,73.11,58,99,5.08,US,1665435296
Philadelphia,39.9523,-75.1638,70.18,40,0,9.22,US,1665435107
Sobolevo,54.4299,31.8996,39.94,87,0,4.18,RU,1665435296
Kysyl-Syr,63.8986,122.7617,21.34,97,93,1.59,RU,1665435080
Wewak,-3.5534,143.6268,79.23,82,69,4.81,PG,1665435296
Acarí,-15.4311,-74.6158,72.21,55,52,7.7,PE,1665435296
Nalobikha,53.2006,84.6039,40.64,82,64,12.12,RU,1665435296
Samandağ,36.0842,35.9771,70.65,58,0,3.15,TR,1665435296
Marzuq,14.4,46.4667,72.36,51,17,1.1,YE,1665435296
Fayaoué,-20.65,166.5333,75.06,74,100,19.75,NC,1665435296
Necochea,-38.5473,-58.7368,59.41,53,22,18.16,AR,1665435297
Buala,-8.145,159.5921,82.33,67,9,3.31,SB,1665435297
Stonehaven,56.9637,-2.2118,47.53,77,98,10.96,GB,1665435297
Urengoy,65.9667,78.3667,38.8,97,100,14.88,RU,1665435297
Ol'ga,43.7444,135.2892,43.27,93,21,5.84,RU,1665435297
Bundaberg,-24.85,152.35,64.22,84,63,5.01,AU,1665435297
Buraidah,26.326,43.975,81.05,13,0,7.87,SA,1665435078
Fuyang,32.9,115.8167,48.51,46,16,2.89,CN,1665435298
Cerqueira César,-23.0356,-49.1661,65.88,92,100,6.29,BR,1665435298
Djebeniana,35.035,10.9081,76.8,71,99,11.7,TN,1665435298
Longyearbyen,78.2186,15.6401,33.64,75,75,6.91,SJ,1665435298
Kidal,18.4411,1.4078,88.05,14,9,11.92,ML,1665435298
Pincher Creek,49.4833,-113.952,68.16,31,40,29.93,CA,1665435298
Mosjøen,65.836,13.1908,50.41,87,75,7.0,NO,1665435298
Acopiara,-6.0953,-39.4525,87.73,31,40,6.26,BR,1665435298
Ahipara,-35.1667,173.1667,62.94,64,57,3.27,NZ,1665435299
Kachīry,53.0675,76.1036,45.81,65,50,12.19,KZ,1665435299
Rovenki,48.0833,39.3776,47.57,94,69,8.41,UA,1665435233
Xingyi,24.1877,102.817,51.24,89,97,2.24,CN,1665435299
Port Hardy,50.6996,-127.4199,57.38,62,40,19.57,CA,1665435299
Tasiilaq,65.6145,-37.6368,32.47,98,100,15.35,GL,1665435299
Gornopravdinsk,60.05,69.9,46.15,88,100,9.48,RU,1665435299
Saint-Joseph,-21.3667,55.6167,70.18,80,24,8.34,RE,1665435299
Raymondville,26.4815,-97.7831,89.71,43,16,15.35,US,1665435299
Cody,44.5263,-109.0565,74.59,16,0,16.11,US,1665435300
Oistins,13.0667,-59.5333,86.09,74,40,18.41,BB,1665435300
Mikuni,36.2171,136.1519,58.91,72,64,17.6,JP,1665435300
Pitimbu,-7.4706,-34.8086,81.19,75,5,13.87,BR,1665435300
Florø,61.5996,5.0328,48.16,71,75,24.16,NO,1665435265
Lebu,-37.6167,-73.65,51.15,74,2,20.27,CL,1665435300
Havelock,34.8791,-76.9013,73.35,57,56,1.01,US,1665435300
Altamira,-3.2033,-52.2064,87.89,66,40,2.3,BR,1665435300
St. George's,12.0564,-61.7485,83.88,79,40,20.71,GD,1665435300
Amapá,1.0,-52.0,81.46,60,89,2.55,BR,1665435300
Ginir,7.1333,40.7,58.01,83,74,4.18,ET,1665435301
Puerto Carreño,6.189,-67.4859,93.18,52,40,9.22,CO,1665435301
Tiarei,-17.5333,-149.3333,80.62,78,21,15.3,PF,1665435301
Santa Maria,-29.6842,-53.8069,52.9,87,100,3.44,BR,1665435301
Angoram,-4.0625,144.0661,75.15,96,87,1.28,PG,1665435301
Trairi,-3.2778,-39.2689,78.96,76,44,9.93,BR,1665435301
Sorong,-0.8833,131.25,77.47,89,100,6.69,ID,1665435301
Teluk Nibung,3.001,99.8164,74.53,93,78,4.97,ID,1665435301
Waingapu,-9.6567,120.2641,80.38,74,100,3.24,ID,1665435301
Iracoubo,5.4802,-53.2011,81.34,83,9,11.61,GF,1665435302
Bathsheba,13.2167,-59.5167,86.61,74,40,18.41,BB,1665435302
Arman',59.7,150.1667,24.17,82,45,5.84,RU,1665435302
Dzhebariki-Khaya,62.2167,135.8,28.85,98,100,4.5,RU,1665435302
Xai-Xai,-25.0519,33.6442,71.94,90,0,3.65,MZ,1665435302
Cayenne,4.9333,-52.3333,84.24,79,75,11.5,GF,1665435067
Goderich,43.7501,-81.7165,54.91,50,42,8.05,CA,1665435303
Pemba,-12.974,40.5178,75.9,83,40,8.05,MZ,1665435303
Llanes,43.4198,-4.7549,64.87,90,100,3.98,ES,1665435303
Hargeisa,9.56,44.065,72.19,66,16,1.63,SO,1665435303
Quatre Cocos,-20.2078,57.7625,71.71,75,61,11.79,MU,1665435303
Eichstätt,48.8833,11.1833,51.85,100,20,0.0,DE,1665435303
Kalevala,65.2,31.1667,47.03,85,96,10.98,RU,1665435304
Departamento de Maldonado,-34.6667,-54.9167,58.39,64,32,11.52,UY,1665435304
Nanortalik,60.1432,-45.2371,37.33,94,100,5.3,GL,1665435304
Sungai Raya,0.7,108.9,76.73,88,100,2.01,ID,1665435304
Praia,14.9215,-23.5087,81.14,69,40,16.11,CV,1665435304
Margate,51.3813,1.3862,55.69,68,5,4.0,GB,1665435304
Alanya,36.5438,31.9998,73.08,50,0,4.61,TR,1665435204
Pelotas,-31.7719,-52.3425,59.02,67,75,17.27,BR,1665435304
Sinjār,36.3209,41.8754,71.46,32,0,8.12,IQ,1665435304
Makkah al Mukarramah,21.4267,39.8261,84.09,52,0,2.19,SA,1665435015
Kokopo,-4.352,152.2633,77.77,67,10,3.89,PG,1665435305
Sigli,5.3848,95.9609,76.95,81,100,3.78,ID,1665435305
Buenos Aires,-34.6132,-58.3772,67.89,49,0,11.5,AR,1665435233
Berlevåg,70.8578,29.0864,41.0,75,0,6.91,NO,1665435305
Pangnirtung,66.1451,-65.7125,28.4,64,75,3.44,CA,1665435305
São Gabriel da Cachoeira,-0.1303,-67.0892,84.87,63,79,3.31,BR,1665435305
San Carlos del Zulia,9.0,-71.9135,86.36,62,89,8.61,VE,1665435305
Bukachacha,52.9833,116.9167,32.47,65,18,3.04,RU,1665435305
Inhambane,-23.865,35.3833,72.64,89,1,6.64,MZ,1665435306
Sinnamary,5.3833,-52.95,81.64,82,26,11.16,GF,1665435306
Pringsewu,-5.3582,104.9744,73.18,97,100,3.78,ID,1665435306
Westport,41.1415,-73.3579,68.18,55,52,5.99,US,1665435306
Yamaranguila,14.2833,-88.25,61.75,100,100,6.91,HN,1665435306
Watsa,3.0372,29.5355,63.55,97,100,1.39,CD,1665435306
Jardim do Seridó,-6.5844,-36.7744,84.34,47,53,24.27,BR,1665435306
Muli,2.9167,73.5667,81.45,78,57,19.95,MV,1665435306
São Miguel do Araguaia,-13.275,-50.1628,93.97,19,5,4.9,BR,1665435306
Waddān,29.1614,16.139,75.34,30,5,8.16,LY,1665435307
Darhan,49.4867,105.9228,38.07,49,100,0.87,MN,1665435307
Grand-Santi,4.25,-54.3833,77.38,83,100,1.63,GF,1665435307
Walvis Bay,-22.9575,14.5053,60.1,94,97,4.61,NA,1665435307
Aksarka,66.5606,67.7975,39.81,89,100,17.54,RU,1665435307
Al Bardīyah,31.7561,25.0865,70.7,65,39,5.66,LY,1665435307
Rosário do Sul,-30.2583,-54.9142,58.96,73,96,13.38,BR,1665435307
Puerto Cabezas,14.0351,-83.3888,82.36,83,75,4.61,NI,1665435307
Bandarbeyla,9.4942,50.8122,77.32,90,80,12.88,SO,1665435307
Adré,13.4667,22.2,82.36,32,37,3.67,TD,1665435307
Chernivtsi,48.2915,25.9403,45.59,69,17,6.08,UA,1665435118
Jutaí,-5.1833,-68.9,90.84,48,76,2.51,BR,1665435308
Andros Town,24.7,-77.7667,85.35,66,26,12.77,BS,1665435308
Lexington,37.9887,-84.4777,74.14,30,0,3.0,US,1665435308
Berkåk,62.825,10.0118,38.19,86,44,2.08,NO,1665435308
Dashitou,43.3067,128.5114,34.65,81,79,15.28,CN,1665435308
Hualmay,-11.0964,-77.6139,66.15,74,50,11.79,PE,1665435308
Marathon,44.9,-89.7668,63.64,54,41,1.01,US,1665435309
Archidona,37.0965,-4.3887,62.4,58,62,2.01,ES,1665435309
Taltal,-25.4,-70.4833,61.32,63,22,6.44,CL,1665435309
Okhotsk,59.3833,143.3,31.62,53,100,4.88,RU,1665435309
Carballo,43.213,-8.691,63.91,93,100,1.34,ES,1665435309
Beira,-19.8436,34.8389,77.09,83,40,9.22,MZ,1665435309
Waitati,-45.75,170.5667,52.81,70,97,12.57,NZ,1665435309
Gari,59.4307,62.3497,42.26,84,78,8.55,RU,1665435309
Arnold,53.0,-1.1333,48.25,83,7,6.44,GB,1665435286
Qaqortoq,60.7167,-46.0333,35.31,98,100,9.66,GL,1665435310
Santa Fe,-31.6333,-60.7,72.01,24,2,5.99,AR,1665435097
Grand-Lahou,5.1367,-5.0242,76.41,90,27,5.99,CI,1665435310
Lompoc,34.6391,-120.4579,81.01,79,100,10.36,US,1665435310
Mazatlán,23.2167,-106.4167,91.02,81,0,7.0,MX,1665435310
Port Augusta,-32.5,137.7667,63.45,33,100,3.69,AU,1665435310
Macapá,0.0389,-51.0664,89.58,62,40,11.5,BR,1665435051
Port Lincoln,-34.7333,135.8667,64.63,37,99,14.81,AU,1665435310
Kondagaon,19.6,81.6667,70.36,95,100,3.71,IN,1665435311
Nouadhibou,20.931,-17.0347,73.38,78,16,12.66,MR,1665435311
Usinsk,65.9939,57.5281,39.87,80,100,22.46,RU,1665435311
Bereket,39.2446,55.5154,63.34,20,0,8.66,TM,1665435311
